{"conf_thresh":0.5,"adx_thresh":20.0,"take_profit":0.004,"stop_loss":0.003,"trades":43.0,"wins":16.0,"losses":27.0,"win_rate":37.2093023256,"avg_pnl":0.0821263509,"final_balance":10003.53}